height,weight
170,68.25040863583722
180,58.02031990237737
190,87.34899126756169
175,65.72875136722217
185,83.17094667341682
